headline,article_title,article_url,cluster,category
Lady Gaga says she was unaware of thwarted bomb threat until learning about it from media,"Unidentified people were “virtually recruiting participants to carry out attacks” to gain online notoriety, according to the Rio de Janeiro Civil Police.",https://www.nbcnews.com/pop-culture/pop-culture-news/planned-bombing-lady-gaga-rio-de-janiero-rcna204698,0,Business
"Ruth Buzzi, comedy sketch player on groundbreaking series 'Laugh-In,' dies at 88",Buzzi rose to fame as the frumpy and bitter Gladys Ormphby on the groundbreaking sketch comedy series “Rowan & Martin’s Laugh-In.”,https://www.nbcnews.com/pop-culture/pop-culture-news/ruth-buzzi-comedy-sketch-player-groundbreaking-series-laugh-dies-88-rcna204459,0,Business
Blake Lively said past year filled with 'lowest lows' of her life amid legal battle with Justin Baldoni,"The “Another Simple Favor” star talked about her ""intense"" year during a recent Seth Meyers appearance.",https://www.nbcnews.com/pop-culture/pop-culture-news/blake-lively-said-year-filled-lowest-lows-life-legal-battle-justin-bal-rcna204438,0,Business
"Singer Jill Sobule, known for 'I Kissed a Girl,' dies in house fire",Sobule was 66. The 1995 song was the first openly queer-themed record to reach Billboard’s Top 20.,https://www.nbcnews.com/pop-culture/music/jill-sobule-kissed-girl-dies-fire-rcna204334,0,Business
Video shows Justin Timberlake becoming Travis Kelce's 'backup dancer' on the golf course,"Timberlake posted a clip of the impromptu performance, with comedian Andrew Santino also joining in.",https://www.nbcnews.com/pop-culture/pop-culture-news/video-shows-justin-timberlake-becoming-travis-kelces-backup-dancer-gol-rcna204103,3,Sports
George Lucas finally explains why Yoda speaks backward in ‘Star Wars’ films,His style of speech is intentional.,https://www.nbcnews.com/pop-culture/pop-culture-news/george-lucas-explains-why-yoda-speaks-backwards-star-wars-films-rcna203784,3,Sports
Barbra Streisand is releasing a new album of duets. Here’s the list of stars who will appear.,Some top-notch talent appears on the album of duets — as well as a trio fans probably won’t soon forget.,https://www.nbcnews.com/pop-culture/pop-culture-news/barbra-streisand-releasing-new-album-duets-stars-rcna203783,0,Business
King Charles opens up about cancer diagnosis and treatment,"The British monarch, who was diagnosed with cancer in February 2024, has kept the details of his disease private.",https://www.nbcnews.com/world/united-kingdom/king-charles-opens-cancer-diagnosis-treatment-rcna203812,3,Sports
Robert De Niro's daughter Airyn comes out as transgender,"The 29-year-old spoke to Them, an LGBTQ magazine, about starting hormone therapy and finally embracing her femininity.",https://www.nbcnews.com/nbc-out/out-news/robert-de-niro-daughter-airyn-transgender-rcna203775,0,Business
Christie Brinkley recalls Billy Joel’s 7-word response to her writing a memoir,The model and author of “Uptown Girl” opens up about her marriage to the iconic musician.,https://www.nbcnews.com/pop-culture/pop-culture-news/christie-brinkley-memoir-billy-joel-marriage-rcna203780,0,Business
"Katy Perry says online critics are trying to make her a 'human piñata' following tour, space flight","“Please know I am ok,” the singer told her fans.",https://www.nbcnews.com/pop-culture/pop-culture-news/katy-perry-responds-online-critics-space-flight-rcna203779,0,Business
Michael Bolton reveals glioblastoma diagnosis: ‘You find out what you’re made of’,The singer learned he had the incurable brain cancer in 2023.,https://www.nbcnews.com/pop-culture/pop-culture-news/michael-bolton-reveals-glioblastoma-diagnosis-find-re-made-rcna203765,3,Sports
"Terrence Howard refused Marvin Gaye role over prospect of kissing a man, says 'I would cut my lips off'",The former “Empire” star made the confession during a nearly two-hour appearance on Bill Maher’s “Club Random” podcast.,https://www.nbcnews.com/nbc-out/out-news/terrence-howard-marvin-gaye-biopic-rumored-gay-rcna203519,3,Sports
"In retrial openings, prosecutors paint Harvey Weinstein as powerful mogul who 'preyed' on women","Weinstein’s lead attorney forcefully pushed back against the prosecution’s narrative, insisting his client’s sexual encounters were consensual and “mutually beneficial.”",https://www.nbcnews.com/news/us-news/retrial-openings-prosecutors-portray-harvey-weinstein-powerful-mogul-p-rcna202561,3,Sports
Beyoncé kicks off Cowboy Carter Tour with daughters Blue Ivy and Rumi,Beyoncé has four more shows in Los Angeles before moving on to Chicago.,https://www.nbcnews.com/pop-culture/pop-culture-news/beyonce-kicks-cowboy-carter-tour-daughters-blue-ivy-rumi-rcna203506,3,Sports
Kim Kardashian jewelry heist suspect says he regrets 'trauma' he caused her,"Yunice Abbas, who wrote a book confessing to the crime, was the first defendant questioned Tuesday in the trial in connection with the 2016 robbery during which the reality star was held at gunpoint.",https://www.nbcnews.com/world/europe/kim-kardashian-robbery-suspect-says-regrets-trauma-caused-rcna203440,3,Sports
'The Last of Us' Star Gabriel Luna unpacks Joel's death and what's next for Tommy,"Warning: This post contains spoilers for Season 2, Episode 3 of “The Last of Us,” which aired April 27.",https://www.nbcnews.com/pop-culture/pop-culture-news/the-last-us-star-gabriel-luna-whats-next-for-tommy-rcna203382,3,Sports
Rock & Roll Hall of Fame unveils 2025 inductees. See who made the list.,"Cyndi Lauper, Outkast, Soundgarden and Chubby Checker are among the seven acts who will be enshrined in the performer category.",https://www.nbcnews.com/pop-culture/pop-culture-news/rock-roll-hall-fame-2025-inductees-list-rcna203386,3,Sports
Rupert Grint welcomes 'secret' baby No. 2 and reveals her bright and sunny name,"“A 10/10 baby (so far),” Grint wrote in his Ron Weasley-esque baby announcement.",https://www.nbcnews.com/pop-culture/pop-culture-news/rupert-grint-welcomes-second-baby-rcna203384,3,Sports
How did the creature from 'The Legend of Ochi' get so cute? Director Isaiah Saxon explains,"First came Baby Yoda. Then came Baby Groot. Now, meet Baby Ochi.",https://www.nbcnews.com/pop-culture/pop-culture-news/the-legend-of-ochi-director-isaiah-saxon-inspiration-for-character-rcna203389,0,Business
Key GOP senator won't support Trump loyalist Ed Martin to be D.C.'s top prosecutor,North Carolina Republican Sen. Thom Tillis' decision likely derails Martin's nomination as U.S. attorney for the District of Columbia.,https://www.nbcnews.com/politics/justice-department/thom-tillis-wont-support-ed-martin-dc-us-attorney-rcna205104,1,Politics
"Angus King III, son of the Maine senator, launches a run for governor",King is seeking to succeed term-limited Gov. Janet Mills. Both are Democrats.,https://www.nbcnews.com/politics/2026-election/angus-king-iii-son-maine-senator-launches-run-governor-rcna204866,1,Politics
Trump says D.C. will host the 2027 NFL draft; Gov. Brian Kemp skips Georgia Senate race,Trump also discussed his plans to impose tariffs on imported movies and reopen Alcatraz prison in California.,https://www.nbcnews.com/politics/trump-administration/live-blog/trump-administration-nfl-draft-tariffs-immigration-doge-live-updates-rcna204587,1,Politics
Federal judge says results of North Carolina court race with Democrat ahead must be certified,More than 5.5 million ballots were cast in what has been the country's last undecided race from the general election in November.,https://www.nbcnews.com/politics/elections/federal-judge-says-results-north-carolina-court-race-democrat-ahead-mu-rcna205013,1,Politics
Alexandria Ocasio-Cortez won't seek the top Democratic seat on the House Oversight Committee,"After speaking to colleagues, the progressive New York congresswoman said she believed Democrats would favor a more senior member in the role, as they did in the previous race.",https://www.nbcnews.com/politics/congress/aoc-wont-seek-top-democratic-seat-house-oversight-committee-rcna205002,1,Politics
Trump administration says Harvard will receive no new grants until it meets White House demands,The president has threatened to end the Ivy League school's tax-exempt status as an educational institution.,https://www.nbcnews.com/politics/trump-administration/trump-administration-says-harvard-will-receive-no-new-grants-meets-whi-rcna205003,1,Politics
Jon Voight met with Trump before president proposed tariffs on foreign film productions,"Voight, whom Trump tapped as one of three special ambassadors to the film industry, said the president “will help us make Hollywood great again.”",https://www.nbcnews.com/pop-culture/pop-culture-news/jon-voight-hollywood-plan-donald-trump-tariffs-rcna204968,1,Politics
GOP dealt a blow in the battle for the Senate: From the Politics Desk,"Plus, the Trump administration spends big bucks on the airwaves touting its mass deportation campaign.",https://www.nbcnews.com/politics/politics-news/gop-dealt-blow-battle-senate-politics-desk-rcna204959,1,Politics
Trump hasn't said who funded his presidential transition effort despite pledging to disclose donors,The White House didn't respond to multiple questions about when the transition would disclose who funded it.,https://www.nbcnews.com/politics/trump-administration/trump-not-said-funded-presidential-transition-effort-pledging-disclose-rcna204785,1,Politics
Georgia Gov. Brian Kemp passes on running for a key Democratic-held Senate seat,"Kemp, a Republican, was considered a strong potential candidate. Democratic Sen. Jon Ossoff is running for re-election in 2026 in a state Trump carried last year.",https://www.nbcnews.com/politics/2026-election/georgia-gov-brian-kemp-passes-running-key-democratic-held-senate-seat-rcna204926,1,Politics
Trump announces the 2027 NFL draft will be in Washington,The president said that the draft would be held on the National Mall.,https://www.nbcnews.com/politics/trump-administration/trump-set-announce-2027-nfl-draft-will-washington-possibly-national-ma-rcna204753,1,Politics
"DHS to pay $1,000 to undocumented immigrants who self-deport","The Department of Homeland Security announced it will provide travel assistance and a $1,000 stipend to those who use the CBP Home App to leave the United States.",https://www.nbcnews.com/news/latino/trump-pay-1000-undocumented-immigrants-deport-rcna204859,1,Politics
Trump set to raise millions from crypto and meme coin this month,"The first event, a $1.5 million-per-plate fundraiser set for Monday, is among the priciest political fundraisers in recent memory.",https://www.nbcnews.com/business/markets/trump-set-raise-millions-crypto-meme-coin-month-rcna204847,1,Politics
Trump says he will reopen 'enlarged and rebuilt' Alcatraz prison,Alcatraz Island hasn't been used as a federal penitentiary since 1963. It had a capacity of roughly 300 people.,https://www.nbcnews.com/politics/trump-administration/trump-says-will-reopen-enlarged-rebuilt-alcatraz-prison-rcna204743,1,Politics
"In New York, a GOP congressman is shelled with questions about Trump during raucous town hall","At one point, law enforcement personnel surrounded a woman in the audience and then carried her out. It was unclear what exactly led to her removal.",https://www.nbcnews.com/politics/congress/new-york-gop-congressman-shelled-questions-trump-raucous-town-hall-rcna204793,1,Politics
Mike Pence receives JFK Profile in Courage Award for Jan. 6 actions,"""By God’s grace I did my duty that day to support the peaceful transfer of power under the Constitution of the United States of America,” former vice president says.",https://www.nbcnews.com/politics/politics-news/mike-pence-receives-jfk-profile-courage-award-january-6-actions-rcna204763,1,Politics
Trump announces plans for 100% tariffs on all foreign movies,The president said the new import penalties are an effort to spur the production of feature films in America and revitalize Hollywood.,https://www.nbcnews.com/politics/trump-administration/trump-announces-new-tariffs-foreign-movies-rcna204747,1,Politics
"CIA's top doctor sues over her firing, accusing the government of bowing to the far right","Dr. Terry Adirim, director of the CIA’s Center for Global Health Services, accused the government of denying her due process and bowing to far-right activists.",https://www.nbcnews.com/politics/politics-news/cias-top-doctor-suing-agency-firing-lawsuit-says-rcna204656,1,Politics
Trump says he'll call CEOs when he disagrees with their business decisions,Retailers have increasingly offered warnings about the tariffs' impact on consumers.,https://www.nbcnews.com/politics/donald-trump/trump-call-ceos-plans-prices-tariffs-rcna204702,1,Politics
Trump defends the high price tag for his military parade: 'Peanuts compared to the value',"In an exclusive interview with NBC News’ “Meet the Press,” Trump also outlined a White House renovation he hopes to carry out — which he said he will pay for himself.",https://www.nbcnews.com/politics/trump-administration/trump-defends-high-cost-military-parade-peanuts-rcna204581,1,Politics
How GM is trying to revive Cadillac as the quintessential American luxury car brand,The luxury vehicle market is crucial for automakers. The vehicles have higher profit margins than their mainstream counterparts and cater to a more affluent customer.,https://www.nbcnews.com/business/autos/gms-decade-long-battle-revive-cadillac-quintessential-american-luxury-rcna204845,1,Politics
"Air traffic control at Newark Airport briefly lost communication with aircraft, kicking off travel chaos","After the incident last week, the controllers from the Philadelphia TRACON took leave under the Federal Employees Compensation Act.",https://www.nbcnews.com/news/us-news/air-traffic-control-newark-airport-briefly-lost-communication-aircraft-rcna204941,3,Sports
Trump's Hollywood tariffs announcement is met with confusion and fear,A host of questions remain about how the president’s plan to slap duties on foreign productions would work.,https://www.nbcnews.com/business/business-news/trump-hollywood-movie-tariff-announcement-confusion-fear-why-rcna204856,1,Politics
Social Security reduces benefit clawback from 100% to 50% for some,Beneficiaries may owe the Social Security Administration money due to overpayments — when their monthly benefit checks are more than what they are owed.,https://www.nbcnews.com/business/consumer/social-security-reduces-benefit-clawback-100-50-experts-still-warn-dev-rcna204848,1,Politics
Rite Aid files for second bankruptcy in two years,"Rite Aid used its previous bankruptcy in 2023 to cut $2 billion in debt, close hundreds of stores, sell its pharmacy benefit company and negotiate settlements with its lenders.",https://www.nbcnews.com/business/business-news/rite-aid-files-second-bankruptcy-two-years-rcna204958,1,Politics
Trump set to raise millions from crypto and meme coin this month,"The first event, a $1.5 million-per-plate fundraiser set for Monday, is among the priciest political fundraisers in recent memory.",https://www.nbcnews.com/business/markets/trump-set-raise-millions-crypto-meme-coin-month-rcna204847,1,Politics
"Skechers to be acquired by 3G Capital in take-private deal, shares soar 25%","The price 3G Capital agreed to pay represents a 30% premium to Skechers’ current valuation on the public markets, which is in line with similar takeover deals.",https://www.nbcnews.com/business/business-news/skechers-acquired-3g-capital-take-private-deal-shares-soar-25-rcna204846,1,Politics
U.S. crude oil prices fall after OPEC+ agrees to surge production in June,"The eight producers in the group, led by Saudi Arabia, agreed Saturday to increase output by 411,000 more barrels per day in June.",https://www.nbcnews.com/business/energy/us-crude-oil-prices-fall-opec-agrees-surge-production-june-rcna204844,1,Politics
New college grads face a tougher job market — again,Pessimism runs high in the class of 2025 after entry-level hiring prospects have tightened for two years straight and a student debt crackdown begins.,https://www.nbcnews.com/business/economy/new-college-grads-face-tougher-job-market-rcna204249,1,Politics
Trump says he'll call CEOs when he disagrees with their business decisions,Retailers have increasingly offered warnings about the tariffs' impact on consumers.,https://www.nbcnews.com/politics/donald-trump/trump-call-ceos-plans-prices-tariffs-rcna204702,1,Politics
Stocks unleash remarkable comeback after a historic dive from Trump's tariffs announcement,The S&P 500 has notched its longest winning streak in 20 years after suffering some of its worst-ever drawdowns.,https://www.nbcnews.com/business/markets/stocks-unleash-remarkable-comeback-after-volatile-month-trump-tariffs-rcna204213,1,Politics
Major delays at Newark Liberty Airport wreak havoc with weekend travel plans,United Airlines canceled dozens of flights at Newark following a chaotic week of travel that left some passengers dealing with massive delays.,https://www.nbcnews.com/news/us-news/delays-newark-airport-weekend-rcna204623,3,Sports
How tariffs are affecting the Kentucky Derby,Uncertainty over the economy due to President Donald Trump’s oscillating tariff policies looms large over America’s longest running sporting event.,https://www.nbcnews.com/business/taxes/tariffs-are-affecting-kentucky-derby-rcna204533,1,Politics
Warren Buffett to ask board to make Greg Abel CEO of Berkshire Hathaway at year-end,"Buffett noted he would still ‘hang around’ to help, but the final word on company operations would be with Abel, currently the vice chairman of non-insurance operations for Berkshire.",https://www.nbcnews.com/news/us-news/warren-buffett-greg-abel-ceo-succession-rcna204634,3,Sports
Retailers are turning the trade war into a sales event,Buy now or pay later: Brands beg shoppers to spend before Trump’s tariffs hit their prices.,https://www.nbcnews.com/business/consumer/retailers-are-turning-trade-war-sales-event-rcna204066,1,Politics
Temu halts shipping direct from China as de minimis tariff loophole is cut off,"The loophole, which allowed items worth $800 or below to enter the U.S. duty-free since 2016, expired Friday as an executive order signed by Trump last month.",https://www.nbcnews.com/business/business-news/temu-halts-shipping-direct-china-de-minimis-tariff-loophole-cut-rcna204597,1,Politics
"Trump downplays recession fears, saying the U.S. would be 'OK' in the long term","Speaking to NBC News’ “Meet the Press,” Trump said the U.S. is in a “transition period” but will “do fantastically” in the long run.",https://www.nbcnews.com/politics/trump-administration/trump-downplays-recession-fears-saying-us-ok-long-term-rcna203511,1,Politics
"Kohl's CEO fired for steering business to a person with whom he had a relationship, retailer says",An investigation by an outside law firm found that Ashley Buchanan had not disclosed the relationship as required by company policy.,https://www.nbcnews.com/news/us-news/kohls-ceo-fired-steering-business-person-relationship-retailer-says-rcna204441,1,Politics
American Airlines to debut new suites with sliding doors after delays,"American first unveiled the new design in September 2022 and expected to start flying the new seats in 2024 but, like other carriers, faced delays from suppliers.",https://www.nbcnews.com/business/travel/american-airlines-debut-new-suites-sliding-doors-delays-rcna204457,1,Politics
Jeff Bezos discloses plan to sell up to $4.8 billion in Amazon stock,"Bezos, who stepped down as CEO in 2021 but remains Amazon’s top shareholder, is selling the shares as part of a trading plan adopted on March 4, the filing states.",https://www.nbcnews.com/business/business-news/jeff-bezos-discloses-plan-sell-4point8-billion-amazon-stock-rcna204458,1,Politics
"Until NFL investigation ends, Justin Tucker could have a difficult time finding a new team",The Ravens have released kicker Justin Tucker. NBC SPORTS,https://www.nbcsports.com/nfl/profootballtalk/rumor-mill/news/until-nfl-investigation-ends-justin-tucker-could-have-a-difficult-time-finding-a-new-team?cid=nbcnews,3,Sports
"Sports Icons Shine at the 2025 Met Gala: Angel Reese, Jalen Hurts, Simone Biles and more",The biggest names in sports took the red carpet at the 2025 Met Gala. NBC SPORTS,https://www.nbcsports.com/wnba/news/sports-icons-shine-at-the-2025-met-gala-angel-reese-jalen-hurts-simone-biles-and-more?cid=nbcnews,0,Business
"Ted Cruz: NFL has been ""tiptoeing up to the rule"" protecting college and high school football","Hearing on broadcast vs. streaming could spark new legislation, eventually. NBC SPORTS",https://www.nbcsports.com/nfl/profootballtalk/rumor-mill/news/ted-cruz-nfl-has-been-tiptoeing-up-to-the-rule-protecting-college-and-high-school-football?cid=nbcnews,3,Sports
Billy Horschel's Ryder Cup dreams likely dashed with this announcement,Horschel revealed Tuesday that he will be sidelined until at least late summer because of right hip surgery that will take place next week in Colorado. NBC SPORTS,https://www.nbcsports.com/golf/news/billy-horschels-ryder-cup-dreams-likely-dashed-with-this-announcement?cid=nbcnews,3,Sports
Nylander has 2 goals and an assist as Maple Leafs beat Panthers 5-4 in Game 1 of 2nd round series,"Matthew Knies and Chris Tanev each had a goal and an assist, and Morgan Rielly also scored for the Maple Leafs. NBC SPORTS",https://www.nbcsports.com/nhl/news/nylander-has-2-goals-and-an-assist-as-maple-leafs-beat-panthers-5-4-in-game-1-of-2nd-round-series?cid=nbcnews,3,Sports
NASCAR Championship Weekend moving to Homestead in 2026,NASCAR will begin rotating sites for the championship race in 2026. NBC SPORTS,https://www.nbcsports.com/nascar/news/nascar-championship-weekend-moving-to-homestead-in-2026?cid=nbcnews,3,Sports
A key ruling in Jon Gruden's pending lawsuit could come at any time,"In Monday's item about former Raiders, Buccaneers, and Raiders coach Jon Gruden joining the AF1's Nashville Kats as a part owner and adviser, we mentioned his pending lawsuit against the NFL and Commissioner Roger Goodell. NBC SPORTS",https://www.nbcsports.com/nfl/profootballtalk/rumor-mill/news/a-key-ruling-in-jon-grudens-pending-lawsuit-could-come-at-any-time?cid=nbcnews,3,Sports
"Minnesota Timberwolves vs. Golden State Warriors Preview: 2025 NBA Playoffs series prediction, schedule",This is only the third ever meeting of the No. 6 and No. 7 seeds in the playoffs. NBC SPORTS,https://www.nbcsports.com/nba/news/minnesota-timberwolves-vs-golden-state-warriors-preview-2025-nba-playoffs-series-prediction-schedule?cid=nbcnews,3,Sports
Knicks vs. Celtics Game 1: New York steals (Mikal Bridges literally) Game 1 from Boston in overtime thriller,Celtics set a playoff record with 45 missed 3-pointers in a game where they launched 60. NBC SPORTS,https://www.nbcsports.com/nba/news/new-york-steals-mikal-bridges-literally-game-1-from-boston-in-overtime-thriller?cid=nbcnews,3,Sports
"New York Islanders win the NHL draft lottery, securing the No. 1 selection. Sharks will pick second","The New York Islanders, who missed the playoffs for the second time in four seasons, earned a remarkable lottery win by entering the day with a 3.5% shot — the 10th-best odds — of seeing their numbers come up. NBC SPORTS",https://www.nbcsports.com/nhl/news/new-york-islanders-win-the-nhl-draft-lottery-securing-the-no-1-selection-sharks-will-pick-second?cid=nbcnews,3,Sports
Nuggets vs. Thunder Game 1: Aaron Gordon 3-pointer caps Denver comeback to steal Game 1 in Oklahoma City,Nikola Jokic was the best player on the floor with 42 points and 22 rebounds. NBC SPORTS,https://www.nbcsports.com/nba/news/aaron-gordon-3-pointer-caps-19-6-denver-run-to-come-from-behind-steal-game-1-in-oklahoma-city-121-119?cid=nbcnews,3,Sports
"Michael Strahan, Eli Manning prepare competing bids for Giants' minority stake",Two former teammates will soon be competing for a piece of their team. NBC SPORTS,https://www.nbcsports.com/nfl/profootballtalk/rumor-mill/news/michael-strahan-eli-manning-prepare-competing-bids-for-giants-minority-stake?cid=nbcnews,3,Sports
"Jalen Milroe working to become a more ""efficient passer"" ahead of rookie season","Jalen Milroe was a successful quarterback at Alabama, but his ability to make plays with his feet led to discussion heading into the draft about whether he'd be used in other ways as an NFL player. NBC SPORTS",https://www.nbcsports.com/nfl/profootballtalk/rumor-mill/news/jalen-milroe-working-to-become-a-more-efficient-passer-ahead-of-rookie-season?cid=nbcnews,3,Sports
"Barry Sanders thinks Jahmyr Gibbs, David Montgomery can lead the Lions to a Super Bowl",Saquon Barkley's big season with the Eagles has led to renewed talk that NFL teams can ride a running back to the Super Bowl. NBC SPORTS,https://www.nbcsports.com/nfl/profootballtalk/rumor-mill/news/barry-sanders-thinks-jahmyr-gibbs-david-montgomery-can-lead-the-lions-to-a-super-bowl?cid=nbcnews,3,Sports
A second person has been charged with murder of reporter during Super Bowl week,Another suspect has been charged with killing a Kansas City-based reporter during Super Bowl week in New Orleans. NBC SPORTS,https://www.nbcsports.com/nfl/profootballtalk/rumor-mill/news/a-second-person-has-been-charged-with-murder-of-reporter-during-super-bowl-week?cid=nbcnews,3,Sports
"Matthew Stafford, Rams will have another early offseason of uncertainty","In the NFL, no deal is ever done until it's done. NBC SPORTS",https://www.nbcsports.com/nfl/profootballtalk/rumor-mill/news/matthew-stafford-rams-will-have-another-early-offseason-of-uncertainty?cid=nbcnews,3,Sports
NFL declines comment on proposed White House cuts to TBI research and education,Commissioner Roger Goodell went to Washington on Monday. NBC SPORTS,https://www.nbcsports.com/nfl/profootballtalk/rumor-mill/news/nfl-declines-comment-on-proposed-white-house-cuts-to-tbi-research-and-education?cid=nbcnews,3,Sports
"Ravens made a ""football decision"" (wink, nod) about Justin Tucker","P.R. fallout be damned, the team carefully avoided a potential CBA issue. NBC SPORTS",https://www.nbcsports.com/nfl/profootballtalk/rumor-mill/news/ravens-made-a-football-decision-wink-nod-about-justin-tucker?cid=nbcnews,3,Sports
Ravens will designate Justin Tucker as a post-June 1 cut,The Ravens announced Monday they are releasing kicker Justin Tucker. NBC SPORTS,https://www.nbcsports.com/nfl/profootballtalk/rumor-mill/news/ravens-will-designate-justin-tucker-as-a-post-june-1-cut?cid=nbcnews,3,Sports
Ravens release Justin Tucker,"The move comes with Tucker under NFL investigation for misconduct, but the Ravens call it a football decision. NBC SPORTS",https://www.nbcsports.com/nfl/profootballtalk/rumor-mill/news/ravens-release-justin-tucker?cid=nbcnews,3,Sports
"Curry leaves Warriors’ win vs. Wolves with hamstring strain, putting rest of series in question","Curry leaves Warriors’ win vs. Wolves with hamstring strain, putting rest of series in question",https://apnews.com/article/nba-playoffs-warriors-timberwolves-curry-ea429388284d38dc4726c7a504a6a898,3,Sports
Golden State star Stephen Curry was sidelined by a strained left hamstring early in the second quarter at Minnesota and the Warriors were bracing for an extended absence of their sharpshooting leader after opening the series by beating the Timberwolves 99-88.,"Curry leaves Warriors’ win vs. Wolves with hamstring strain, putting rest of series in question",https://apnews.com/article/nba-playoffs-warriors-timberwolves-curry-ea429388284d38dc4726c7a504a6a898,3,Sports
Haliburton’s 3 with 1.1 seconds left gives Pacers 120-119 stunning win over Cavs and 2-0 series lead,Haliburton’s 3 with 1.1 seconds left gives Pacers 120-119 stunning win over Cavs and 2-0 series lead,https://apnews.com/article/nba-playoffs-pacers-cavaliers-haliburton-3ab13caac21987ef156ea8c2e8cb9dab,3,Sports
Jaccob Slavin scores in OT as the Hurricanes beat the Capitals in Game 1 of their 2nd-round series,Jaccob Slavin scores in OT as the Hurricanes beat the Capitals in Game 1 of their 2nd-round series,https://apnews.com/article/hurricanes-capitals-score-nhl-playoffs-cf3a91e770ad093adec0deb215ab3476,3,Sports
Oilers rally for NHL-record fifth straight time to beat Golden Knights 4-2 in Game 1,Oilers rally for NHL-record fifth straight time to beat Golden Knights 4-2 in Game 1,https://apnews.com/article/oilers-golden-knights-score-nhl-playoffs-9741061ec6e71f1be1574c1b1b26d1d4,3,Sports
"Kentucky Derby winner Sovereignty won’t run in the Preakness, dashing Triple Crown possibility","Kentucky Derby winner Sovereignty won’t run in the Preakness, dashing Triple Crown possibility",https://apnews.com/article/sovereignty-preakness-triple-crown-e2368353711c0671ed019989a763b461,3,Sports
‘We were lucky to get out of this series’ - Steve Kerr ‘could not be more proud’ as Golden State Warriors blast past Houston Rockets,‘We were lucky to get out of this series’ - Steve Kerr ‘could not be more proud’ as Golden State Warriors blast past Houston Rockets,https://apnews.com/video/we-were-lucky-to-get-out-of-this-series-steve-kerr-could-not-be-more-proud-as-golden-state-warriors-blast-past-houston-rockets-00000196a136d9a2a5fff1ff3aaa0000,3,Sports
Trump announces Washington will host the 2027 NFL draft on the National Mall,Trump announces Washington will host the 2027 NFL draft on the National Mall,https://apnews.com/video/trump-announces-washington-will-host-the-2027-nfl-draft-on-the-national-mall-151bf99a6ebe4494a1e08f8e06d622f8,1,Politics
Harry Kane ends his trophy drought while at Bayern Munich and Trent Alexander-Arnold calls time on his Liverpool career,Harry Kane ends his trophy drought while at Bayern Munich and Trent Alexander-Arnold calls time on his Liverpool career,https://apnews.com/video/harry-kane-ends-his-trophy-drought-while-at-bayern-munich-and-trent-alexander-arnold-calls-time-on-his-liverpool-career-00000196a136db25adf7ab374e4c0000,3,Sports
"Road, sweet road: Visiting teams go 4-0 in Game 1 of NBA conference semifinals, a league first","Road, sweet road: Visiting teams go 4-0 in Game 1 of NBA conference semifinals, a league first",https://apnews.com/article/nba-playoffs-road-wins-058bbd4308df6252072ebe41c7690b15,3,Sports
"NBA playoffs are seeing close games become the norm. And there have been some heroic moments, too","NBA playoffs are seeing close games become the norm. And there have been some heroic moments, too",https://apnews.com/article/nba-playoffs-last-second-winners-e18742ea59aa43ff4da71b2478006e95,3,Sports
"Sliding mitts are baseball’s ‘must-have,’ even if at youth levels, they’re all fashion, no function","Sliding mitts are baseball’s ‘must-have,’ even if at youth levels, they’re all fashion, no function",https://apnews.com/article/sliding-mitts-little-league-566b12315127f05ac75571e8a5d4d062,3,Sports
"Trump, Congress and city council: Managing relationships, DC’s mayor walks a tightrope","Trump, Congress and city council: Managing relationships, DC’s mayor walks a tightrope",https://apnews.com/article/dc-budget-trump-mayor-congress-city-council-a8b559ad96794edbcd4bde6a7f696381,1,Politics
The stars are still aligned in golf as the PGA Championship nears,The stars are still aligned in golf as the PGA Championship nears,https://apnews.com/article/scheffler-dechambeau-mcilroy-spieth-pga-championship-118eb4085a99cac2a927b8e938aab7a0,3,Sports
Mitchell and shorthanded Cavaliers don’t have enough at the end and go down 2-0 in series to Pacers,Mitchell and shorthanded Cavaliers don’t have enough at the end and go down 2-0 in series to Pacers,https://apnews.com/article/nba-playoffs-cavaliers-pacers-f7f0f008ad0680a8ca055ab399a54deb,3,Sports
Warriors take Game 1 from cold-shooting Wolves 99-88 despite Curry’s departure with hamstring strain,Warriors take Game 1 from cold-shooting Wolves 99-88 despite Curry’s departure with hamstring strain,https://apnews.com/article/nba-playoffs-warriors-timberwolves-score-bb7b767b70afb93617db7d4894a4800e,3,Sports
"Rookie GM Brian Gregory says he’s ready to rebuild the Suns, touts closeness with owner Mat Ishbia","Rookie GM Brian Gregory says he’s ready to rebuild the Suns, touts closeness with owner Mat Ishbia",https://apnews.com/article/suns-brian-gregory-mat-ishbia-d2c50b6f4b64910344e9099a98cd4915,3,Sports
"Mobley, Garland and Hunter declared out for Cavaliers going into Game 2 against Pacers","Mobley, Garland and Hunter declared out for Cavaliers going into Game 2 against Pacers",https://apnews.com/article/nba-playoffs-cavaliers-garland-mobley-hunter-fa38bf9a73ee82ac91f550ae901dbf67,3,Sports
Raleigh’s pinch-hit single in 9th inning sends Mariners past Athletics 5-3,Raleigh’s pinch-hit single in 9th inning sends Mariners past Athletics 5-3,https://apnews.com/article/mariners-athletics-score-raleigh-rodriguez-d5462a9a48728e24ee77a559cdcd6768,3,Sports
Verlander winless in 8 starts with the Giants,Verlander winless in 8 starts with the Giants,https://apnews.com/article/giants-justin-verlander-2632d6a004e07ae8a87470c429abea41,3,Sports
O’Hoppe and Moncada deliver in Angels’ big 8th-inning rally for 8-3 victory over Blue Jays,O’Hoppe and Moncada deliver in Angels’ big 8th-inning rally for 8-3 victory over Blue Jays,https://apnews.com/article/angels-blue-jays-score-6690cc1971596794352740ed8f3cf36a,3,Sports
Gallen frustrates the Mets for the 2nd time in a week and leads the Diamondbacks to a 5-1 win,Gallen frustrates the Mets for the 2nd time in a week and leads the Diamondbacks to a 5-1 win,https://apnews.com/article/mets-diamondbacks-score-gallen-faf6372095cbc18b0b2d1e770deae3d3,3,Sports
Frederik Andersen returns from missing end of 1st round to help Hurricanes beat Capitals in Game 1,Frederik Andersen returns from missing end of 1st round to help Hurricanes beat Capitals in Game 1,https://apnews.com/article/frederik-andersen-carolina-hurricanes-capitals-553e8b1b5d209218d1f7844f97b4846c,3,Sports
Wild GM Guerin aims for Kaprizov extension and aggressive summer spending with cap constraints gone,Wild GM Guerin aims for Kaprizov extension and aggressive summer spending with cap constraints gone,https://apnews.com/article/wild-guerin-kaprizov-salary-cap-d8d3c353404578477610ab34e1bbb6d5,3,Sports
LA Kings president expects coach Jim Hiller to remain in charge after GM Blake’s replacement hired,LA Kings president expects coach Jim Hiller to remain in charge after GM Blake’s replacement hired,https://apnews.com/article/kings-nhl-blake-hiller-robitaille-d72ce1b3b907cf61be0c988e72decfeb,3,Sports
America’s legal system is confusing. Here are some of the common terms used in the Trump lawsuits,America’s legal system is confusing. Here are some of the common terms used in the Trump lawsuits,https://apnews.com/article/trump-lawsuits-definitions-legal-terms-glossary-ce28a2ef1493990e9f9de1776f30dba4,1,Politics
"Trump plans to announce the US will call the Persian Gulf the Arabian Gulf, officials tell AP","Trump plans to announce the US will call the Persian Gulf the Arabian Gulf, officials tell AP",https://apnews.com/article/trump-persian-gulf-saudi-arabia-ce30874c27bc01426d93ad3c65a18844,1,Politics
"Ground Game: Trump team projects calm, Thune’s ‘old fashioned’ approach, and Bukele to visit the White House","Ground Game: Trump team projects calm, Thune’s ‘old fashioned’ approach, and Bukele to visit the White House",https://apnews.com/newsletter/ground-game/april-14-2025,1,Politics
Trump says only 21 hostages held by Hamas in Gaza now believed to be alive,Trump says only 21 hostages held by Hamas in Gaza now believed to be alive,https://apnews.com/article/trump-hamas-gaza-israel-hostages-netanyahu-7848cad17dd47baaf21d171f3f5ea40d,2,Arts/Culture/Celebrities
New York GOP congressman hit with questions about Trump during raucous town hall,New York GOP congressman hit with questions about Trump during raucous town hall,https://apnews.com/video/new-york-gop-congressman-hit-with-questions-about-trump-during-raucous-town-hall-6bebe1fe2b3f4743b2b3d38d87a0782c,1,Politics
Trump says he wants to reopen the Alcatraz prison because it’s a powerful symbol of law and order,Trump says he wants to reopen the Alcatraz prison because it’s a powerful symbol of law and order,https://apnews.com/video/trump-says-he-wants-to-reopen-the-alcatraz-prison-because-its-a-powerful-symbol-of-law-and-order-9249c3215b254784898e514cd208b7d0,1,Politics
Trump does impression of transgender weightlifter during Alabama speech,Trump does impression of transgender weightlifter during Alabama speech,https://apnews.com/video/trump-does-impression-transgender-weightlifters-during-alabama-speech-29153fe7eae6429c8c3abddd46019445,1,Politics
Core Democratic groups are preparing to be targeted by the Trump administration,Core Democratic groups are preparing to be targeted by the Trump administration,https://apnews.com/article/democrats-trump-actblue-indivisible-legal-threat-fbi-42f502bcb5888b12628629710c6eb21b,1,Politics
"Even in Alabama, some Republicans worry about Trump’s sweeping agenda","Even in Alabama, some Republicans worry about Trump’s sweeping agenda",https://apnews.com/article/trump-alabama-republicans-doge-tariffs-e8d6561f1be73a557842c1342d5084b4,1,Politics
Where are federal jobs affected by DOGE cuts? A look at congressional districts across the US,Where are federal jobs affected by DOGE cuts? A look at congressional districts across the US,https://apnews.com/article/doge-federal-job-cuts-congressional-districts-data-5d79e2a7ef2160166b0bee59dfa4e9e2,1,Politics
Trump’s transactional approach to diplomacy is a driving force on the world stage,Trump’s transactional approach to diplomacy is a driving force on the world stage,https://apnews.com/article/trump-transactional-diplomacy-tariffs-russia-ukraine-canada-e70f0e800b1c7891a0fa4f21a28c67af,1,Politics
Top US officials will meet with Chinese delegation in Switzerland in first major talks of trade war,Top US officials will meet with Chinese delegation in Switzerland in first major talks of trade war,https://apnews.com/article/trump-china-trade-switzerland-bessent-2a3335ed92989dc4b3a74ea550b79b3f,1,Politics
Senate confirms Bisignano to lead Social Security Administration as agency faces DOGE overhaul,Senate confirms Bisignano to lead Social Security Administration as agency faces DOGE overhaul,https://apnews.com/article/social-security-administration-bisignano-trump-doge-7ec043009064a58be57ce1465dec0481,1,Politics
Canada’s Carney becomes the latest foreign leader to get the Trump treatment in the Oval Office,Canada’s Carney becomes the latest foreign leader to get the Trump treatment in the Oval Office,https://apnews.com/article/donald-trump-mark-carney-oval-office-a6a9118ea26692c9658fde5c7355ce39,1,Politics
"Trump, Carney faceoff in Oval Office leaves gaping differences on tariffs, 51st state","Trump, Carney faceoff in Oval Office leaves gaping differences on tariffs, 51st state",https://apnews.com/article/canada-prime-minister-carney-trump-c279642998197ecb212f39bf38184388,1,Politics
"Supreme Court allows Trump ban on transgender members of the military to take effect, for now","Supreme Court allows Trump ban on transgender members of the military to take effect, for now",https://apnews.com/article/supreme-court-transgender-military-ban-ef67038857bd5b99e128bf0b8866afb4,1,Politics
Vice chair of the National Transportation Safety Board is unexpectedly removed from position,Vice chair of the National Transportation Safety Board is unexpectedly removed from position,https://apnews.com/article/ntsb-vice-chair-removed-66319c7d69f248a9cbaf012845211922,1,Politics
Lawmakers seek to rein in citizen ballot initiatives with new requirements for petitions,Lawmakers seek to rein in citizen ballot initiatives with new requirements for petitions,https://apnews.com/article/citizen-ballot-initiative-petition-2be9e9c2900d17d93ac588b136039d56,1,Politics
"Alabama lawmakers approve tax cuts for food, diapers and other items","Alabama lawmakers approve tax cuts for food, diapers and other items",https://apnews.com/article/alabama-legislature-tax-cut-food-education-daa9df493bf0bcf31828f873d06bb397,1,Politics
A man with an open asylum case was deported. His lawyers want to know if there are others,A man with an open asylum case was deported. His lawyers want to know if there are others,https://apnews.com/article/trump-deportation-settlement-el-salvador-77475d1e00b7e12ee2950e97df869d60,1,Politics
Judge expresses sympathy for fired federal workers but questions if reinstatement is proper remedy,Judge expresses sympathy for fired federal workers but questions if reinstatement is proper remedy,https://apnews.com/article/trump-federal-workers-fired-court-b54674c187fbe9a9d07555ee7ce9b3a6,1,Politics
"The Met Gala is over, but dandyism isn’t. Here’s how to dress like a dandy in everyday life","The Met Gala is over, but dandyism isn’t. Here’s how to dress like a dandy in everyday life",https://apnews.com/article/dandyism-real-life-met-gala-d8c1f0e772deb01a8dbbeb8c3440f089,0,Business
"Dandyism was at the heart of Monday’s Met Gala, where many of the world’s most famous and influential tastemakers donned their luxury best to kick off the “Superfine: Tailoring Black Style” exhibit.","The Met Gala is over, but dandyism isn’t. Here’s how to dress like a dandy in everyday life",https://apnews.com/article/dandyism-real-life-met-gala-d8c1f0e772deb01a8dbbeb8c3440f089,0,Business
Smokey Robinson accused by former housekeepers of sexual assault and rape,Smokey Robinson accused by former housekeepers of sexual assault and rape,https://apnews.com/article/smokey-robinson-la-lawsuit-sexual-assault-1512119eb018782fffad29d1d0358724,3,Sports
"In pinstripes and hats, with canes and twists on suiting, Met Gala crowd largely did menswear proud","In pinstripes and hats, with canes and twists on suiting, Met Gala crowd largely did menswear proud",https://apnews.com/article/met-gala-fashion-2025-best-worst-dressed-9a93c25c4bf01db1e35450d7f21f744c,0,Business
Man arrested after ramming car into front gate of Jennifer Aniston’s Los Angeles home,Man arrested after ramming car into front gate of Jennifer Aniston’s Los Angeles home,https://apnews.com/article/jennifer-aniston-los-angeles-home-arrest-crash-22242e5a78afcb304b7d2d91bb4748c5,3,Sports
Things to know about the trial of Sean ‘Diddy’ Combs,Things to know about the trial of Sean ‘Diddy’ Combs,https://apnews.com/article/diddy-combs-trial-jury-cassie-20ad227adf8fe2e03caf782c2f3c1063,3,Sports
Summer Movie Guide 2025: Here’s what’s coming to theaters and streaming from May to August,Summer Movie Guide 2025: Here’s what’s coming to theaters and streaming from May to August,https://apnews.com/article/summer-movie-calendar-2025-2d86914fb9442fb0149f7cc13616f1a8,0,Business
James Gunn predicts summer of ‘Superman’ to the rescue of the box office,James Gunn predicts summer of ‘Superman’ to the rescue of the box office,https://apnews.com/article/warner-bros-superman-james-gunn-c2c66cf059138b1cfa90da8d9dc24e19,0,Business
Summer Movies: 11 breakout actors to watch,Summer Movies: 11 breakout actors to watch,https://apnews.com/article/summer-movies-2025-breakout-stars-c10ca7245748efdd6b7173aad61e9106,0,Business
"Movie Review: ‘Thunderbolts’ is Marvel, and Florence Pugh, in high gear","Movie Review: ‘Thunderbolts’ is Marvel, and Florence Pugh, in high gear",https://apnews.com/article/thunderbolts-review-marvel-florence-pugh-6617d8217ed6c96a364e10132ae98394,0,Business
"Meet David Corenswet, cinema’s new Superman","Meet David Corenswet, cinema’s new Superman",https://apnews.com/article/superman-david-corenswet-summer-movie-preview-28021942374758920088a7e5891855e8,3,Sports
"Movie Review: ‘Rust’ is a serviceable Western, haunted throughout by its tragic offscreen history","Movie Review: ‘Rust’ is a serviceable Western, haunted throughout by its tragic offscreen history",https://apnews.com/article/rust-movie-review-alec-baldwin-shooting-289861a894b85b6e1c0ddf735da8942d,3,Sports
Movie Review: Thriller ‘The Surfer’ brings Nicolas Cage to a boil,Movie Review: Thriller ‘The Surfer’ brings Nicolas Cage to a boil,https://apnews.com/article/surfer-review-nicolas-cage-311b8242c24b50ba6189de63cdfdaa10,3,Sports
Movie Review: ‘April’ is shattering and essential,Movie Review: ‘April’ is shattering and essential,https://apnews.com/article/april-review-dea-kulumbegashvili-c33455c1989893afe678f8cc6d5edfec,0,Business
"Movie Review: A tactile, retro-coded fantasy in ‘The Legend of Ochi’","Movie Review: A tactile, retro-coded fantasy in ‘The Legend of Ochi’",https://apnews.com/article/legend-of-ochi-movie-review-aa4ee5a43fa992e9a05d375a3d73b90e,0,Business
Trump has threatened a 100% tariff on movies made outside the US. Here’s what we know,Trump has threatened a 100% tariff on movies made outside the US. Here’s what we know,https://apnews.com/article/trump-tariffs-foreign-movies-films-8008248fc08c748a7e8a174306ba66ba,1,Politics
US and China to start talks over trade war this week,US and China to start talks over trade war this week,https://www.bbc.com/news/articles/c8rgrejkvmjo,1,Politics
UK and India agree trade deal after three years of talks,UK and India agree trade deal after three years of talks,https://www.bbc.com/news/articles/c5y6y90e5vzo,1,Politics
Analysis: UK-India deal secured as Trump tariffs everywhere,Faisal Islam: Trump tariffs may have helped drive UK-India trade deal,https://www.bbc.com/news/articles/cn919g2v3w2o,1,Politics
EU plans to end Russian gas imports by end of 2027,EU plans to end Russian gas imports by end of 2027,https://www.bbc.com/news/articles/c04547pr9vqo,1,Politics
UK's Deliveroo to be bought by US firm DoorDash in £2.9bn deal,UK's Deliveroo to be bought by US firm DoorDash in £2.9bn deal,https://www.bbc.com/news/articles/c5yr1nz7jwko,1,Politics
Car giant Ford and Barbie maker Mattel warn over tariffs costs,Car giant Ford and Barbie maker Mattel warn over tariffs costs,https://www.bbc.com/news/articles/cly1e7ll07do,1,Politics
India worried about Chinese 'dumping' as trade tensions with Trump escalate,India worried about Chinese 'dumping' as trade tensions with Trump escalate,https://www.bbc.com/news/articles/ckg5d505v8xo,1,Politics
Colombia's wind farms bring promise and pain for indigenous group,Colombia's wind farms bring promise and pain for indigenous group,https://www.bbc.com/news/articles/ckg2ekjjgldo,1,Politics
Deported gang members get second chance at call centre,Deported gang members get second chance at call centre,https://www.bbc.com/news/articles/c93g2e332d9o,1,Politics
The ex-Google exec who wants to simplify your life,Why Marissa Mayer wants you to spend less time tapping your phone screen,https://www.bbc.com/worklife/article/20250313-the-ex-google-exec-who-wants-to-simplify-your-life,0,Business
Deliveroo deal shows UK still can't hang on to big firms,Deliveroo deal shows UK still can't hang on to big firms,https://www.bbc.com/news/articles/cvgp22d2kexo,1,Politics
Trump considering 100% tariffs on movies not made in the US,Trump considering 100% tariffs on movies not made in the US,https://www.bbc.com/news/articles/cjr7e2z1rxyo,1,Politics
OpenAI says non-profit will remain in control after backlash,OpenAI says non-profit will remain in control after backlash,https://www.bbc.com/news/articles/cwy603eg0w8o,1,Politics
Trump film tariffs to be part of UK-US trade talks,Trump film tariffs to be part of UK-US trade talks,https://www.bbc.com/news/articles/cz01kx3yrmvo,1,Politics
What impact might Trump's Hollywood tariffs plan have?,What impact might Trump's Hollywood tariffs plan have?,https://www.bbc.com/news/articles/cwy04kjwk09o,1,Politics
Elon Musk's Starbase in Texas will officially become a city,Elon Musk's Starbase in Texas will officially become a city,https://www.bbc.com/news/articles/c39j8rj4nmmo,1,Politics
"Seeking spending cuts, GOP targets a tax hospitals love to pay Republicans, on the hunt for spending cuts, are eying a special kind of Medicaid tax that nearly every state uses to boost funding for hospitals, nursing homes, and other providers. 35M AGO","Seeking spending cuts, GOP lawmakers target a tax hospitals love to pay",https://www.cbsnews.com/news/gop-spending-cuts-medicaid-tax-hospitals/,1,Politics
"Trump slams Newsom after California governor proposes federal film tax credit President Trump slammed Gavin Newsom on Tuesday, just hours after the California governor asked for collaboration on a massive national film tax credit. 4H AGO","Trump slams Newsom after California governor proposes federal film tax credit to ""Make America Film Again""",https://www.cbsnews.com/news/president-trump-gavin-newsom-film-tariffs-tax-credit/,1,Politics
"Trump administration may soon deport migrants to Libya, U.S. officials say The deportations, expected to be operated by the U.S. military, could start as early as this week, two U.S. officials told CBS News. 6H AGO","Trump administration may soon deport migrants to Libya, U.S. officials say",https://www.cbsnews.com/news/trump-administration-may-soon-deport-migrants-to-libya/,1,Politics
"For second time in 8 days, fighter jet assigned to USS Truman is lost in Red Sea Two pilots suffered minor injuries in the ordeal. 6H AGO","For second time in 8 days, U.S. fighter jet assigned to USS Truman is lost in Red Sea",https://www.cbsnews.com/news/u-s-fighter-jet-assigned-to-uss-truman-lost-red-sea-second-time/,1,Politics
Trump says fewer than 2 dozen hostages believed to still be alive in Gaza President Trump's comments came as Israel approved plans on Monday to seize the Gaza Strip and to stay in the Palestinian territory for an unspecified amount of time. 8H AGO,Trump says fewer than 2 dozen hostages believed to still be alive in Gaza,https://www.cbsnews.com/news/trump-says-less-than-2-dozen-hostages-believed-to-be-alive-in-gaza/,2,Arts/Culture/Celebrities
Trump touts $9 trillion in new U.S. investment. The numbers don't add up. Many investments Mr. Trump claims credit for predate his return to office or are based on vague future pledges. Here's a fact check of his claims. 9H AGO,Trump touts $9 trillion in new U.S. investment. The numbers don't add up.,https://www.cbsnews.com/news/fact-check-trump-9-trillion-us-investments/,1,Politics
"Senate Democrats rally against crypto bill amid criticism of Trump's industry ties Sen. Elizabeth Warren is urging other Democrats not to support a bipartisan crypto regulation bill, as Democrats warn about President Trump's ties to crypto. 10H AGO",Senate Democrats rally against crypto bill amid criticism of Trump's ties to the industry,https://www.cbsnews.com/news/senate-democrats-genius-act-stablecoin-crypto-bill-trump/,1,Politics
Ed Martin's judicial nomination may be at risk as Tillis says he'll vote against him Senate Majority Leader John Thune said it looks like Martin's nomination probably won't make it out of committee. 12H AGO,Ed Martin's judicial nomination may be at risk as Tillis says he'll vote against him,https://www.cbsnews.com/news/ed-martin-judicial-nomination-jeopardy-thom-tillis/,1,Politics
"Trump says U.S. will stop bombing Houthis after group ""capitulated"" The Houthis have not publicly confirmed a deal with President Trump, who said the group indicated ""they don't want to fight anymore."" 13H AGO","Trump says U.S. will stop bombing Houthis after group ""capitulated""",https://www.cbsnews.com/news/trump-houthis-ceasefire-bombing-over-capitulated/,1,Politics
"Trump calls Obama Library ""a disaster,"" blames ""woke"" construction President Trump took shots at the Obama Presidential Center in Chicago while meeting with the new Canadian prime minister Tuesday, calling it ""a disaster"" and blaming ""woke"" construction workers. 14H AGO","President Trump calls Chicago's Obama Presidential Center ""a disaster,"" blames ""woke"" construction",https://www.cbsnews.com/news/president-trump-obama-presidential-center-disaster-blames-woke-construction/,1,Politics
"Watch Mark Carney tell Trump Canada will not be 51st state President Trump and Canadian Prime Minister Mark Carney met in the Oval Office, where Carney told Mr. Trump that Canada is not for sale, and never will be. 14H AGO","Watch Mark Carney tell Trump Canada will not be 51st state: ""There are some places that are never for sale""",https://www.cbsnews.com/news/mark-carney-trump-meeting-video-canada-not-for-sale/,1,Politics
Supreme Court lets Trump enforce transgender military ban for now President Trump issued an executive order in January that targeted active-duty and prospective service members with gender dysphoria. 13H AGO,Supreme Court clears way for Trump administration to enforce transgender military ban for now,https://www.cbsnews.com/news/supreme-court-trump-transgender-military-ban/,1,Politics
Second judge blocks Trump administration's use of Alien Enemies Act A federal judge in New York said President Trump's proclamation invoking the Alien Enemies Act exceeded the scope of the law. 15H AGO,Second judge blocks Trump administration's use of Alien Enemies Act to remove certain migrants,https://www.cbsnews.com/news/judge-blocks-trump-alien-enemies-act-southern-district-of-new-york/,1,Politics
Department of Transportation is latest federal agency expecting layoffs Transportation Secretary Sean Duffy informed DOT employees during a town hall that the layoffs are expected soon. 17H AGO,Department of Transportation is latest federal agency expecting layoffs,https://www.cbsnews.com/news/department-of-transportation-layoffs-federal-agencies/,1,Politics
"House GOP leaders look to reassure conference on ""big, beautiful bill"" momentum House GOP leaders stressed early this week that the budget package central to President Trump's agenda remains on track even as they acknowledged a delay. 15H AGO","House GOP leaders look to reassure conference on momentum amid delays on Trump's ""big, beautiful bill""",https://www.cbsnews.com/news/trump-budget-big-beautiful-bill-house-republicans-momentum/,1,Politics
"Pakistan's leader vows to avenge India's ""act of war"" 1H AGO","Pakistan's leader vows to avenge India's strikes, calling them an ""act of war""",https://www.cbsnews.com/news/india-pakistan-kashmir-strikes-sharif-revenge-modi/,1,Politics
When will the 2025 conclave bring a new pope? UPDATED 53M AGO,When will the 2025 conclave bring a new pope? Here's how long it's taken to see white smoke in the past,https://www.cbsnews.com/news/conclave-2025-when-will-cardinals-replace-pope-francis/,0,Business
"For second time in 8 days, fighter jet assigned to USS Truman is lost in Red Sea 6H AGO","For second time in 8 days, U.S. fighter jet assigned to USS Truman is lost in Red Sea",https://www.cbsnews.com/news/u-s-fighter-jet-assigned-to-uss-truman-lost-red-sea-second-time/,1,Politics
Trump wants the Fed to cut rates today. Will it oblige? 15H AGO,Trump wants the Fed to cut rates on Wednesday. Will Jerome Powell oblige?,https://www.cbsnews.com/news/trump-fed-rate-cut-jerome-powell-may-7-fomc-meeting/,1,Politics
What U.S. Catholics are looking for in the next pope — CBS News poll 12H AGO,New pope could be elected in days. Here's what U.S. Catholics are looking for — CBS News poll,https://www.cbsnews.com/news/cbs-news-poll-us-catholics-look-to-next-pope/,0,Business
Senate Democrats rally against crypto bill amid criticism of Trump's industry ties 10H AGO,Senate Democrats rally against crypto bill amid criticism of Trump's ties to the industry,https://www.cbsnews.com/news/senate-democrats-genius-act-stablecoin-crypto-bill-trump/,1,Politics
"HHS revokes some layoff notices, including to 9/11 program 10H AGO","HHS revokes some layoff notices, including to 9/11 program",https://www.cbsnews.com/news/hhs-revokes-some-layoff-notices-including-to-911-program/,1,Politics
Trump says fewer than 2 dozen hostages believed to still be alive in Gaza 8H AGO,Trump says fewer than 2 dozen hostages believed to still be alive in Gaza,https://www.cbsnews.com/news/trump-says-less-than-2-dozen-hostages-believed-to-be-alive-in-gaza/,2,Arts/Culture/Celebrities
"Trump administration may soon deport migrants to Libya, U.S. officials say","Trump administration may soon deport migrants to Libya, U.S. officials say",https://www.cbsnews.com/news/trump-administration-may-soon-deport-migrants-to-libya/,1,Politics
5 charged after migrant boat capsized off San Diego coast,5 charged after migrant boat capsizes off San Diego; Noem asks DOJ for death penalty,https://www.cbsnews.com/news/san-diego-migrant-boat-human-smuggling/,3,Sports
"Tinx tackles cancel culture, romance in debut novel ""Hotter in the Hamptons"" Christina Najjar, known as Tinx, says she wanted the heroine in her debut novel ""Hotter in the Hamptons"" to be messy ""so that readers could see themselves in her."" 16H AGO","Tinx tackles cancel culture and romance in debut novel ""Hotter in the Hamptons""",https://www.cbsnews.com/news/tinx-hotter-in-the-hamptons-debut-novel-cancel-culture/,0,Business
"Kamala Harris makes Met Gala debut, says art and politics are related Kamala Harris made an appearance at the 2025 Met Gala on Monday, days after her anticipated return to the public stage where she delivered her first major speech since losing the 2024 presidential election. MAY 5","Kamala Harris makes Met Gala debut, says art and politics are related",https://www.cbsnews.com/news/kamala-harris-met-gala-2025/,0,Business
"A$AP Rocky confirms baby No. 3 with Rihanna at the 2025 Met Gala Rihanna and A$AP Rocky are expecting their third child, the rapper confirmed on Sunday at the Met Gala. MAY 5",A$AP Rocky confirms baby No. 3 with Rihanna at the 2025 Met Gala,https://www.cbsnews.com/news/rihanna-pregnant-2025-met-gala-asap-rocky/,0,Business
"Diana Ross stuns Met Gala blue carpet with 18-foot long train As 81-year-old Diana Ross entered the Met Gala, several people helped carry the legendary singer's massive shawl train flowing behind her. MAY 5",Diana Ross stuns Met Gala blue carpet with 18-foot long train,https://www.cbsnews.com/news/diana-ross-met-gala-2025/,0,Business
Here's how much it costs to attend the 2025 Met Gala Ticket prices to the 2025 Met Gala run more than the average down payment on a house — if you can snag an invite. MAY 5,How much does it cost to attend the 2025 Met Gala?,https://www.cbsnews.com/news/2025-met-gala-ticket-cost/,0,Business
"What to know as Sean ""Diddy"" Combs' sex trafficking trial starts Jury selection has started in music mogul Sean ""Diddy"" Combs' sex-trafficking trial. Here's what to know. 20H AGO","Sean ""Diddy"" Combs' sex trafficking trial is underway. Here's what to know about the charges, evidence and more.",https://www.cbsnews.com/news/sean-diddy-combs-trial-sex-trafficking-charges-evidence/,3,Sports
"Trump says he will impose 100% tariffs on movies produced outside U.S. President Trump on Sunday announced movies as his latest target for tariffs because the U.S. movie industry ""is DYING a very fast death."" MAY 5",Trump announces he will impose 100% tariffs on movies produced outside the U.S.,https://www.cbsnews.com/news/trump-movies-tariffs-hollywood/,1,Politics
Brazilian police arrest 2 in thwarted bomb plot at Lady Gaga Rio concert Organizers of a free Lady Gaga concert in Rio de Janeiro said the event drew more than 2 million to Copacabana Beach. MAY 5,Brazilian police arrest 2 in thwarted bomb plot at Lady Gaga Rio concert with 2 million fans,https://www.cbsnews.com/news/lady-gaga-free-concert-copacabana-beach-rio-de-janeiro-brazil-two-million-fans/,3,Sports
"How Matisse became a name in pottery When Alex Matisse founded East Fork Pottery, in Asheville, N.C., he didn't want to use the name of his great-grandfather, artist Henri Matisse. But after business took off, Alex decided it was time – and now graces his ceramics with the imagery of his famous forebear. MAY 4",How Matisse became a name in pottery,https://www.cbsnews.com/news/how-matisse-became-a-name-in-pottery/,3,Sports
"Cole Escola on the hit Broadway farce ""Oh, Mary!"" The actor-playwright received two Tony nominations for the over-the-top comedy about Mary Todd Lincoln and her secret passion of becoming a cabaret star, while her husband, Abe, is trying to win the Civil War. MAY 4","Cole Escola on the hit Broadway farce ""Oh, Mary!""",https://www.cbsnews.com/news/cole-escola-on-the-hit-broadway-farce-oh-mary/,0,Business
"Pakistan's leader vows to avenge India's ""act of war"" 2H AGO","Pakistan's leader vows to avenge India's strikes, calling them an ""act of war""",https://www.cbsnews.com/news/india-pakistan-kashmir-strikes-sharif-revenge-modi/,1,Politics
When will the 2025 conclave bring a new pope? 1H AGO,When will the 2025 conclave bring a new pope? Here's how long it's taken to see white smoke in the past,https://www.cbsnews.com/news/conclave-2025-when-will-cardinals-replace-pope-francis/,0,Business
"For second time in 8 days, fighter jet assigned to USS Truman is lost in Red Sea 7H AGO","For second time in 8 days, U.S. fighter jet assigned to USS Truman is lost in Red Sea",https://www.cbsnews.com/news/u-s-fighter-jet-assigned-to-uss-truman-lost-red-sea-second-time/,1,Politics
Trump wants the Fed to cut rates today. Will it oblige? 16H AGO,Trump wants the Fed to cut rates on Wednesday. Will Jerome Powell oblige?,https://www.cbsnews.com/news/trump-fed-rate-cut-jerome-powell-may-7-fomc-meeting/,1,Politics
What U.S. Catholics are looking for in the next pope — CBS News poll 12H AGO,New pope could be elected in days. Here's what U.S. Catholics are looking for — CBS News poll,https://www.cbsnews.com/news/cbs-news-poll-us-catholics-look-to-next-pope/,0,Business
Senate Democrats rally against crypto bill amid criticism of Trump's industry ties 10H AGO,Senate Democrats rally against crypto bill amid criticism of Trump's ties to the industry,https://www.cbsnews.com/news/senate-democrats-genius-act-stablecoin-crypto-bill-trump/,1,Politics
"HHS revokes some layoff notices, including to 9/11 program 11H AGO","HHS revokes some layoff notices, including to 9/11 program",https://www.cbsnews.com/news/hhs-revokes-some-layoff-notices-including-to-911-program/,1,Politics
Trump says fewer than 2 dozen hostages believed to still be alive in Gaza 9H AGO,Trump says fewer than 2 dozen hostages believed to still be alive in Gaza,https://www.cbsnews.com/news/trump-says-less-than-2-dozen-hostages-believed-to-be-alive-in-gaza/,2,Arts/Culture/Celebrities
"Trump administration may soon deport migrants to Libya, U.S. officials say","Trump administration may soon deport migrants to Libya, U.S. officials say",https://www.cbsnews.com/news/trump-administration-may-soon-deport-migrants-to-libya/,1,Politics
5 charged after migrant boat capsized off San Diego coast,5 charged after migrant boat capsizes off San Diego; Noem asks DOJ for death penalty,https://www.cbsnews.com/news/san-diego-migrant-boat-human-smuggling/,3,Sports
Young boy gains perspective well beyond his years after tornado,"A young boy lost his home in a tornado. One year later, he's gained perspective well beyond his years.",https://www.cbsnews.com/news/young-boy-lost-home-oklahoma-tornado-gained-perspective/,3,Sports
Trump says fewer than 2 dozen hostages believed to still be alive in Gaza,Trump says fewer than 2 dozen hostages believed to still be alive in Gaza,https://www.cbsnews.com/news/trump-says-less-than-2-dozen-hostages-believed-to-be-alive-in-gaza/,2,Arts/Culture/Celebrities
"HHS revokes some layoff notices, including to 9/11 program","HHS revokes some layoff notices, including to 9/11 program",https://www.cbsnews.com/news/hhs-revokes-some-layoff-notices-including-to-911-program/,1,Politics
Trump slams Newsom after California governor proposes federal film tax credit,"Trump slams Newsom after California governor proposes federal film tax credit to ""Make America Film Again""",https://www.cbsnews.com/news/president-trump-gavin-newsom-film-tariffs-tax-credit/,1,Politics
Tariffs force U.S. bicycle company to halt imports from China,Tariffs force U.S. bicycle company to halt imports from China,https://www.cbsnews.com/news/tariffs-u-s-bicycle-company-kent-international-halts-imports-from-china/,1,Politics
These Chinese-made products could soon be hard to find in the U.S. A sharp drop in Chinese imports could lead to shortages of the following consumer products. 16H AGO,These Chinese-made products could soon be hard to find in the U.S.,https://www.cbsnews.com/news/chinese-china-products-tariffs-shortages-us/,1,Politics
Flying without a Real ID? Here's what to know at the airport 13H AGO,Flying without a Real ID? Here's what to know at the airport,https://www.cbsnews.com/news/real-id-flying-airport-what-to-know/,3,Sports
Trump wants the Fed to cut rates on Wednesday. Will it oblige? 16H AGO,Trump wants the Fed to cut rates on Wednesday. Will Jerome Powell oblige?,https://www.cbsnews.com/news/trump-fed-rate-cut-jerome-powell-may-7-fomc-meeting/,1,Politics
Grand Theft Auto 6 drops a surprise second trailer. Here are all the details. 16H AGO,Grand Theft Auto 6 drops a surprise second trailer. Here are all the details.,https://www.cbsnews.com/news/gta-6-trailer-2-release-grand-theft-auto-rockstar-vice-city/,0,Business
Flowers for Mother's Day may be more expensive due to Trump's tariffs 13H AGO,Flowers for Mother's Day may be more expensive due to Trump's tariffs,https://www.cbsnews.com/news/flower-prices-mothers-day-trump-tariffs/,1,Politics
"Social Security to cut overpayment clawbacks to 50%, down from 100% MAY 5","Social Security to reduce overpayment clawbacks to 50%, down from 100%",https://www.cbsnews.com/news/social-security-overpayment-clawback-change-50-percent-doge/,1,Politics
"Tariffs could put them under, some small business owners say MAY 5","Tariffs could put them under, some small business owners say",https://www.cbsnews.com/news/tariff-small-businesses-future-jeopardy-price-hikes/,1,Politics
"IRS has lost 31% of its auditors after DOGE cuts, report says MAY 5","The IRS has lost almost one-third of its tax auditors after 2 months of DOGE cuts, report says",https://www.cbsnews.com/news/irs-doge-cuts-layoffs-31-percent-auditors-tax-revenue-impact/,1,Politics
The Real ID deadline is approaching fast. Here's what to know. MAY 5,The Real ID deadline is just around the corner. Here's what to know.,https://www.cbsnews.com/news/real-id-deadline-may-7-tsa/,3,Sports
"Tracking rising cost of cars, trucks, groceries ahead of Trump's tariffs CBS News is tracking the rising cost of products most impacted by tariffs imposed and soon-to-be-imposed by President Trump, from grocery items to cars and trucks. APR 2","As Trump announces new tariffs, here's a price tracker for cars, groceries and more supplies",https://www.cbsnews.com/news/trump-tariffs-price-tracker/,1,Politics
"MoneyWatch price tracker shows how much food, utility, housing costs are rising These charts track prices consumers pay for groceries and other goods now compared to five years ago. APR 10","CBS News price tracker shows how much food, gas, utility and housing costs are rising",https://www.cbsnews.com/news/price-tracker/,1,Politics
"Americans fear going broke in retirement more than death, study finds Allianz survey finds that nearly two-thirds of Americans are more worried about running out of money in retirement than they are about dying. APR 23","Americans are more scared of going broke in retirement than they are of death, study finds",https://www.cbsnews.com/news/americans-retirement-death-savings-allianz/,1,Politics
"Here's the magic number Americans say they need for retirement Americans have big financial goals for what they think they'll need for a comfortable retirement, a new survey finds. APR 18",How much money do you need to retire? Here's what Americans say is their magic number.,https://www.cbsnews.com/news/retirement-savings-how-much-do-you-need-magic-number/,1,Politics
3 questions to ask about your retirement savings when stocks plunge The first weeks of the new Trump administration have sparked stock market jitters and recession fears. Here's advice from top experts. MAR 17,Worried how the stock market could impact your retirement? Here are 3 questions from experts.,https://www.cbsnews.com/news/stock-market-investing-401k-recession-how-to-prepare-for-retirement/,1,Politics
"What has DEI actually done for U.S. workers and employers? President Trump has painted a bullseye on diversity, equity and inclusion. But what exactly is DEI, and what has it achieved? JAN 28","What has DEI — diversity, equity and inclusion — done for U.S. workers and employers?",https://www.cbsnews.com/news/dei-diversity-equity-inclusion-corporate-programs/,1,Politics
"The best and worst U.S. states for finding a good job in 2024 Ample job opportunities, low unemployment and reasonable commute times make this the top U.S. state for job seekers, analysis finds. OCT 30, 2024",The best and worst U.S. states for finding a good job in 2024,https://www.cbsnews.com/news/best-worst-states-for-jobs-2024/,1,Politics
"Want to work at Chipotle? Be prepared to chat with AI. Chipotle plans to deploy a conversational AI hiring system, dubbed ""Ava Cado,"" across more than 3,500 restaurants. OCT 22, 2024",Chipotle turns to AI hiring platform to screen job applicants,https://www.cbsnews.com/news/chipotle-ava-cado-ai-hiring/,1,Politics
Cartel leader among 16 arrested in historic U.S. fentanyl bust,"Sinaloa cartel leader among 16 arrested in historic U.S. fentanyl bust, Justice Department says",https://www.cbsnews.com/news/fentany-bust-arrests-justice-department-pam-bondi/,1,Politics
"Trump administration may soon deport migrants to Libya, U.S. officials say","Trump administration may soon deport migrants to Libya, U.S. officials say",https://www.cbsnews.com/news/trump-administration-may-soon-deport-migrants-to-libya/,1,Politics
5 charged after migrant boat capsized off San Diego coast,5 charged after migrant boat capsizes off San Diego; Noem asks DOJ for death penalty,https://www.cbsnews.com/news/san-diego-migrant-boat-human-smuggling/,3,Sports
Young boy gains perspective well beyond his years after tornado,"A young boy lost his home in a tornado. One year later, he's gained perspective well beyond his years.",https://www.cbsnews.com/news/young-boy-lost-home-oklahoma-tornado-gained-perspective/,3,Sports
Trump says fewer than 2 dozen hostages believed to still be alive in Gaza,Trump says fewer than 2 dozen hostages believed to still be alive in Gaza,https://www.cbsnews.com/news/trump-says-less-than-2-dozen-hostages-believed-to-be-alive-in-gaza/,2,Arts/Culture/Celebrities
Trump slams Newsom after California governor proposes federal film tax credit,"Trump slams Newsom after California governor proposes federal film tax credit to ""Make America Film Again""",https://www.cbsnews.com/news/president-trump-gavin-newsom-film-tariffs-tax-credit/,1,Politics
Tariffs force U.S. bicycle company to halt imports from China,Tariffs force U.S. bicycle company to halt imports from China,https://www.cbsnews.com/news/tariffs-u-s-bicycle-company-kent-international-halts-imports-from-china/,1,Politics
Top Trump officials will meet with China amid trade war,Top Trump officials will meet with China amid trade war,https://www.cbsnews.com/news/trump-china-trade-war-meeting/,1,Politics
"Raleigh's pinch-hit single in 9th sends Mariners past Athletics 5-3 Pinch-hitter Cal Raleigh put Seattle ahead with a two-run single in the ninth inning, Julio Rodríguez went 3 for 4 with a solo home run and the Mariners beat the Athletics 5-3 on Tuesday night. 6H AGO",Raleigh's pinch-hit single in 9th sends Mariners past Athletics 5-3,https://www.cbsnews.com/sanfrancisco/news/raleighs-pinch-hit-single-in-9th-sends-mariners-past-athletics-5-3/,3,Sports
Valkyries fall short in second half comeback losing 83-82 against Sparks The Valkyries showed they have some grit in their first-ever game after mounting a comeback in the second half of their preseason match-up against the Sparks. 7H AGO,Valkyries fall short after unsuccessful second half comeback losing 83-82 to Sparks in first-ever game,https://www.cbsnews.com/sanfrancisco/news/valkyries-sparks-preseason-game-2025-first-ever-game/,3,Sports
"Warriors take Game 1 from Wolves 99-88 Buddy Hield and Draymond Green delivered from 3-point range with Golden State star Stephen Curry suddenly sidelined by a hamstring strain, and the Warriors opened the second-round series with an inspired 99-88 victory over the Timberwolves. 8H AGO",Wolves struggle to keep up with the Warriors in Game 1 despite Curry's departure,https://www.cbsnews.com/sanfrancisco/news/warriors-take-game-1-from-wolves/,3,Sports
How to watch the Golden State Valkyries' first preseason game The WNBA tips off a new era in Bay Area basketball. 15H AGO,How to watch the Golden State Valkyries' first pre-season game,https://www.cbsnews.com/sanfrancisco/news/how-to-watch-the-golden-state-valkyries/,3,Sports
"Sharks to pick 2nd in 2025 NHL Draft following last-place finish The New York Islanders won the NHL draft lottery on Monday and vaulted nine teams, including the last-place San Jose Sharks, in winning the opportunity to have the No. 1 pick. MAY 6",Sharks to pick 2nd in 2025 NHL Draft following last-place finish,https://www.cbsnews.com/sanfrancisco/news/2025-nhl-draft-lottery-san-jose-sharks-2nd-pick/,3,Sports
Wilson comes up clutch again as A's edge Mariners 7-6 in 11 innings Jacob Wilson singled home the winning run in the 11th inning to give the Athletics a 7-6 victory over the Seattle Mariners on Monday night in the opener of a three-game series between the top two teams in the AL West. MAY 5,Wilson comes up clutch again as A's edge Mariners 7-6 in 11 innings,https://www.cbsnews.com/sanfrancisco/news/wilson-comes-up-clutch-again-as-as-edge-mariners-7-6-in-11-innings/,3,Sports
"Ian Happ homers as Cubs beat sloppy Giants Carson Kelly also went deep, sparking the Cubs' five-run sixth inning with a leadoff drive for his eighth homer. MAY 5",Ian Happ homers as Cubs beat sloppy Giants,https://www.cbsnews.com/sanfrancisco/news/ian-happ-homers-cubs-beat-sloppy-giants/,3,Sports
"Stephen Curry and Buddy Hield lead Warriors past Rockets 103-89 in Game 7 Stephen Curry and Warriors advance to Western Conference semifinals, beating Rockets 103-89 in Game 7. MAY 4",Stephen Curry and Buddy Hield lead Warriors past Rockets 103-89 in Game 7,https://www.cbsnews.com/sanfrancisco/news/curry-warriors-rockets-game-7-nba-playoffs/,3,Sports
"Willy Adames homers twice to help the Giants beat the Rockies 9-3 Willy Adames homered twice and drove in three runs, helping the San Francisco Giants beat the Colorado Rockies 9-3. MAY 4",Willy Adames homers twice to help the Giants beat the Rockies 9-3,https://www.cbsnews.com/sanfrancisco/news/san-francisco-giants-win-away-game-against-rockies-9-3/,3,Sports
Oakland LGBTQ nightclub holds fundraiser to raise money after recent burglary,Oakland LGBTQ nightclub holds fundraiser to raise money after recent burglary,https://www.cbsnews.com/sanfrancisco/news/oakland-lgbtq-nightclub-holds-fundraiser-to-raise-money-after-recent-burglary/,3,Sports
Orinda neighborhood paid for its own license plate reader cameras to deter crime,Orinda neighborhood paid for its own license plate reader cameras to deter crime,https://www.cbsnews.com/sanfrancisco/news/orinda-neighborhood-paid-for-its-own-license-plate-reader-cameras-to-deter-crime/,3,Sports
Valkyries fall short in second half comeback losing 83-82 against Sparks,Valkyries fall short after unsuccessful second half comeback losing 83-82 to Sparks in first-ever game,https://www.cbsnews.com/sanfrancisco/news/valkyries-sparks-preseason-game-2025-first-ever-game/,3,Sports
Warriors take Game 1 from Wolves 99-88,Wolves struggle to keep up with the Warriors in Game 1 despite Curry's departure,https://www.cbsnews.com/sanfrancisco/news/warriors-take-game-1-from-wolves/,3,Sports
Bay Area startup helps college students cut down on rent costs by doing chores,Bay Area startup helps college students cut down on rent costs by doing chores,https://www.cbsnews.com/sanfrancisco/news/startup-helps-college-students-cut-down-on-rent-costs-by-doing-chores/,3,Sports
Valkyries fall short in second half comeback losing 83-82 against Sparks,Valkyries fall short after unsuccessful second half comeback losing 83-82 to Sparks in first-ever game,https://www.cbsnews.com/sanfrancisco/news/valkyries-sparks-preseason-game-2025-first-ever-game/,3,Sports
Volatility in the stock market leads to soaring gold prices,Volatility in the stock market leads to soaring gold prices,https://www.cbsnews.com/sanfrancisco/news/volatility-in-the-stock-market-leads-to-soaring-gold-prices/,3,Sports
How to watch the Golden State Valkyries' first preseason game,How to watch the Golden State Valkyries' first pre-season game,https://www.cbsnews.com/sanfrancisco/news/how-to-watch-the-golden-state-valkyries/,3,Sports
United Airlines jet strikes wing of another aircraft at SFO Airport,United Airlines jet strikes wing of another aircraft at San Francisco International Airport,https://www.cbsnews.com/sanfrancisco/news/sfo-united-airlines-jet-strikes-wing-another-aircraft/,1,Politics
Woman who lived on Alcatraz as a child talks about her experience,Woman who lived on Alcatraz as a child talks about her experience,https://www.cbsnews.com/sanfrancisco/news/woman-who-lived-on-alcatraz-as-a-child-talks-about-her-experience/,1,Politics
Oakland LGBTQ nightclub holds fundraiser to raise money after recent burglary,Oakland LGBTQ nightclub holds fundraiser to raise money after recent burglary,https://www.cbsnews.com/sanfrancisco/news/oakland-lgbtq-nightclub-holds-fundraiser-to-raise-money-after-recent-burglary/,3,Sports
Orinda neighborhood paid for its own license plate reader cameras to deter crime,Orinda neighborhood paid for its own license plate reader cameras to deter crime,https://www.cbsnews.com/sanfrancisco/news/orinda-neighborhood-paid-for-its-own-license-plate-reader-cameras-to-deter-crime/,3,Sports
Crumbling water main leaves people in a Pleasanton neighborhood high and dry,Crumbling water main leaves people in a Pleasanton neighborhood high and dry,https://www.cbsnews.com/sanfrancisco/news/pleasanton-water-shut-off/,3,Sports
Oakland interim mayor delivers budget proposal as city faces $268M deficit,Oakland interim mayor delivers budget proposal as city faces $268M deficit,https://www.cbsnews.com/sanfrancisco/news/oakland-interim-mayor-delivers-2025-27-budget-proposal-268m-deficit/,3,Sports
"Oakland nightclub owner says break-ins have cost them nearly $100,000","Oakland nightclub owner says break-ins have cost them nearly $100,000",https://www.cbsnews.com/sanfrancisco/news/oakland-nightclub-owner-says-break-ins-have-cost-them-nearly-100000/,3,Sports
Suspect in 1977 San Jose murder identified with fingerprint on a pack of cigarettes,Suspect in 1977 San Jose murder identified with fingerprint on a pack of cigarettes,https://www.cbsnews.com/sanfrancisco/news/san-jose-1977-murder-jeanette-ralston-suspect-fingerprint-willie-eugene-sims/,3,Sports
LIVE . Champions League reaction as Inter beat Barcelona in thriller to reach final,Champions League reaction as Inter beat Barcelona in thriller to reach final,https://www.bbc.com/sport/football/live/cp8k8185ey3t,3,Sports
'Thank you Inter & Barca' - the game nobody wanted to end,'Thank you Inter & Barca' - the game nobody wanted to end,https://www.bbc.com/sport/football/articles/c23038lpv4mo,3,Sports
"'A liability', 'the aura' & 'a phenomenon' - the big Lions calls","'A liability', 'the aura' & 'a phenomenon' - the big Lions calls",https://www.bbc.com/sport/rugby-union/articles/cx272egzwweo,3,Sports
Inter Miami relinquish option to speak to De Bruyne,Inter Miami relinquish option to speak to De Bruyne,https://www.bbc.com/sport/football/articles/c2303n2zl0yo,3,Sports
Where does Inter v Barca rank among best-ever semi-finals?,Where does Inter v Barca rank among best-ever semi-finals?,https://www.bbc.com/sport/football/articles/c93g3g5yp2qo,3,Sports
Four ways Arteta can mastermind Arsenal comeback v PSG,Four ways Arteta can mastermind Arsenal comeback v PSG,https://www.bbc.com/sport/football/articles/c0r5krkl98do,3,Sports
Titans snatch victory in extraordinary IPL finish,Titans snatch victory in extraordinary IPL finish,https://www.bbc.com/sport/cricket/articles/c98g8y1nl96o,3,Sports
Nothing anyone could do - rider injured in fatal crash,'Nothing anyone could do' to prevent fatal crash,https://www.bbc.com/sport/motorsport/articles/cwy7ydkq9k1o,3,Sports
Ronaldo's son gets first Portugal Under-15s call-up,Ronaldo's son gets first Portugal Under-15s call-up,https://www.bbc.com/sport/football/articles/cm242ye9ppdo,3,Sports
Real trying to sign Alexander-Arnold in time for Club World Cup,Real seek to sign Alexander-Arnold for Club World Cup,https://www.bbc.com/sport/football/articles/c1lm00mp1elo,3,Sports
'Calamity keeper' or 'human wall' - which Donnarumma will Arsenal face?,'Calamity keeper' or 'human wall' - which Donnarumma will Arsenal face?,https://www.bbc.com/sport/football/articles/cr5d9162g23o,3,Sports
Raducanu set-up 'working well' but jigsaw not complete,Raducanu set-up 'working well' but jigsaw not complete,https://www.bbc.com/sport/tennis/articles/cp3139wv6vno,3,Sports
"Messi 'does stuff that normal humans can't do' Video, 00:02:26 Messi 'does stuff that normal humans can't do'",Messi 'does stuff that normal humans can't do',https://www.bbc.com/sport/football/videos/cm24ll31kv9o,3,Sports
"Barclay & Warburton pick Lions XVs after Six Nations. Video, 00:08:33 Barclay & Warburton pick Lions XVs after Six Nations",Barclay & Warburton pick Lions XVs after Six Nations,https://www.bbc.com/sport/rugby-union/videos/c871wnl9nz2o,3,Sports
"Was this the greatest transfer window of all time? Video, 00:01:41 Was this the greatest transfer window of all time?",Was this the greatest transfer window of all time?,https://www.bbc.com/sport/football/videos/c89gjk2k274o,3,Sports
"Watch: Fan catches ball while daughter covers his eyes. Video, 00:00:19 Watch: Fan catches ball while daughter covers his eyes",Watch: Fan catches ball while daughter covers his eyes,https://www.bbc.com/sport/baseball/videos/c7872x4gz8eo,3,Sports
"'It's hard to watch' - Solskjaer discusses Man Utd woes. Video, 00:02:02 'It's hard to watch' - Solskjaer discusses Man Utd woes",'It's hard to watch' - Solskjaer discusses Man Utd woes,https://www.bbc.com/sport/football/videos/c0m9ewyd08no,3,Sports
Learning from Pochettino & aiding Okocha - how PSG loan shaped Arteta,Learning from Pochettino & aiding Okocha - how PSG loan shaped Arteta,https://www.bbc.com/sport/football/articles/cwyv7575qneo,3,Sports
Inter beat Barca in all-time classic to reach Champions League final,Inter beat Barca in all-time classic to reach Champions League final,https://www.bbc.com/sport/football/live/crrz42r8ve4t,3,Sports
Kvitova seals first win of comeback at Italian Open,Kvitova seals first win of comeback at Italian Open,https://www.bbc.com/sport/tennis/articles/c3wxwelqly0o,3,Sports
Call the Midwife film and prequel series announced,Call the Midwife film and prequel series announced,https://www.bbc.com/news/articles/c93g3ldd20vo,0,Business
27 of the best looks from Met Gala 2025,27 of the best looks from Met Gala 2025,https://www.bbc.com/news/articles/c20xvd10xv5o,0,Business
Home of Ukrainian Eurovision contestant destroyed,Home of Ukrainian Eurovision contestant destroyed,https://www.bbc.com/news/articles/c93g03g71qno,0,Business
Oscar winner Vikander returns to stage after 17 years,Oscar winner Vikander returns to stage after 17 years,https://www.bbc.com/news/articles/cly2jjg10xlo,3,Sports
Vardy must pay £1.4m of Rooney's 'Wagatha' legal costs,Vardy must pay £1.4m of Rooney's 'Wagatha' legal costs,https://www.bbc.com/news/articles/c7939wwxd0jo,3,Sports
Rihanna reveals she is expecting third child with A$AP Rocky,Rihanna reveals she is expecting third child with A$AP Rocky,https://www.bbc.com/news/articles/cde21wnlrpjo,0,Business
Trump film tariffs to be part of UK-US trade talks,Trump film tariffs to be part of UK-US trade talks,https://www.bbc.com/news/articles/cz01kx3yrmvo,1,Politics
12 of the best films to watch this May,Thunderbolts* to Mission: Impossible - The Final Reckoning: 12 of the best films to watch this May,https://www.bbc.com/culture/article/20250423-12-of-the-best-films-to-watch-in-may,0,Business
10 of the best TV shows to watch this May,The Four Seasons to And Just Like That…: 10 of the best TV shows to watch this May,https://www.bbc.com/culture/article/20250429-10-of-the-best-tv-shows-to-watch-this-may,0,Business
The men who broke out of Alcatraz with a spoon,'It was the cleverest escape in the prison's 30 years': The men who broke out of Alcatraz with a spoon,https://www.bbc.com/culture/article/20240607-it-was-the-cleverest-escape-in-the-prisons-30-years-the-men-who-broke-out-of-alcatraz-with-a-spoon,3,Sports
The Cold War spy mystery of the vanishing frogman,'He swam out to the Russian vessel and was never seen alive again': The Cold War spy mystery of the 'vanishing frogman',https://www.bbc.com/culture/article/20250501-the-cold-war-spy-mystery-of-buster-crabb,3,Sports
"The long tradition of black dandyism, this year's Met Gala theme",'Clothes can contain a lot of emotion': How black men have used flamboyant fashion to express pride and resistance,https://www.bbc.com/culture/article/20250502-how-black-men-have-used-bold-fashion-as-resistance,0,Business
The true story of the first-ever 'rock star' chef,The 'first celebrity chef': How 19th-Century cook Antonin Carême made extraordinary food fit for kings,https://www.bbc.com/culture/article/20250428-how-19th-century-bad-boy-antonin-careme-made-food-rock-n-roll,3,Sports
Thunderbolts* is 'the greatest Marvel in years' ★★★★☆,Thunderbolts* review: 'The greatest Marvel offering in years',https://www.bbc.com/culture/article/20250429-thunderbolts-film-review,0,Business
Why Sinners has become a box-office sensation,'It doesn't stick to the rules': The reason Sinners has become a true box-office sensation,https://www.bbc.com/culture/article/20250428-the-reason-sinners-has-become-a-true-box-office-sensation,0,Business
Call the Midwife film and prequel series announced,Call the Midwife film and prequel series announced,https://www.bbc.com/news/articles/c93g3ldd20vo,0,Business
King Charles and Queen Camilla unveil Coronation portraits,King and Queen unveil Coronation portraits,https://www.bbc.com/news/articles/cd020z0dl2eo,3,Sports
27 of the best looks from Met Gala 2025,27 of the best looks from Met Gala 2025,https://www.bbc.com/news/articles/c20xvd10xv5o,0,Business
Home of Ukrainian Eurovision contestant destroyed,Home of Ukrainian Eurovision contestant destroyed,https://www.bbc.com/news/articles/c93g03g71qno,0,Business
Oscar winner Vikander returns to stage after 17 years,Oscar winner Vikander returns to stage after 17 years,https://www.bbc.com/news/articles/cly2jjg10xlo,3,Sports
Vardy must pay £1.4m of Rooney's 'Wagatha' legal costs,Vardy must pay £1.4m of Rooney's 'Wagatha' legal costs,https://www.bbc.com/news/articles/c7939wwxd0jo,3,Sports
Rihanna reveals she is expecting third child with A$AP Rocky,Rihanna reveals she is expecting third child with A$AP Rocky,https://www.bbc.com/news/articles/cde21wnlrpjo,0,Business
Trump film tariffs to be part of UK-US trade talks,Trump film tariffs to be part of UK-US trade talks,https://www.bbc.com/news/articles/cz01kx3yrmvo,1,Politics
12 of the best films to watch this May,Thunderbolts* to Mission: Impossible - The Final Reckoning: 12 of the best films to watch this May,https://www.bbc.com/culture/article/20250423-12-of-the-best-films-to-watch-in-may,0,Business
10 of the best TV shows to watch this May,The Four Seasons to And Just Like That…: 10 of the best TV shows to watch this May,https://www.bbc.com/culture/article/20250429-10-of-the-best-tv-shows-to-watch-this-may,0,Business
The men who broke out of Alcatraz with a spoon,'It was the cleverest escape in the prison's 30 years': The men who broke out of Alcatraz with a spoon,https://www.bbc.com/culture/article/20240607-it-was-the-cleverest-escape-in-the-prisons-30-years-the-men-who-broke-out-of-alcatraz-with-a-spoon,3,Sports
The Cold War spy mystery of the vanishing frogman,'He swam out to the Russian vessel and was never seen alive again': The Cold War spy mystery of the 'vanishing frogman',https://www.bbc.com/culture/article/20250501-the-cold-war-spy-mystery-of-buster-crabb,3,Sports
"The long tradition of black dandyism, this year's Met Gala theme",'Clothes can contain a lot of emotion': How black men have used flamboyant fashion to express pride and resistance,https://www.bbc.com/culture/article/20250502-how-black-men-have-used-bold-fashion-as-resistance,0,Business
The true story of the first-ever 'rock star' chef,The 'first celebrity chef': How 19th-Century cook Antonin Carême made extraordinary food fit for kings,https://www.bbc.com/culture/article/20250428-how-19th-century-bad-boy-antonin-careme-made-food-rock-n-roll,3,Sports
Thunderbolts* is 'the greatest Marvel in years' ★★★★☆,Thunderbolts* review: 'The greatest Marvel offering in years',https://www.bbc.com/culture/article/20250429-thunderbolts-film-review,0,Business
Why Sinners has become a box-office sensation,'It doesn't stick to the rules': The reason Sinners has become a true box-office sensation,https://www.bbc.com/culture/article/20250428-the-reason-sinners-has-become-a-true-box-office-sensation,0,Business
Call the Midwife film and prequel series announced,Call the Midwife film and prequel series announced,https://www.bbc.com/news/articles/c93g3ldd20vo,0,Business
King Charles and Queen Camilla unveil Coronation portraits,King and Queen unveil Coronation portraits,https://www.bbc.com/news/articles/cd020z0dl2eo,3,Sports
27 of the best looks from Met Gala 2025,27 of the best looks from Met Gala 2025,https://www.bbc.com/news/articles/c20xvd10xv5o,0,Business
Home of Ukrainian Eurovision contestant destroyed,Home of Ukrainian Eurovision contestant destroyed,https://www.bbc.com/news/articles/c93g03g71qno,0,Business
Oscar winner Vikander returns to stage after 17 years,Oscar winner Vikander returns to stage after 17 years,https://www.bbc.com/news/articles/cly2jjg10xlo,3,Sports
Vardy must pay £1.4m of Rooney's 'Wagatha' legal costs,Vardy must pay £1.4m of Rooney's 'Wagatha' legal costs,https://www.bbc.com/news/articles/c7939wwxd0jo,3,Sports
Rihanna reveals she is expecting third child with A$AP Rocky,Rihanna reveals she is expecting third child with A$AP Rocky,https://www.bbc.com/news/articles/cde21wnlrpjo,0,Business
Trump film tariffs to be part of UK-US trade talks,Trump film tariffs to be part of UK-US trade talks,https://www.bbc.com/news/articles/cz01kx3yrmvo,1,Politics
12 of the best films to watch this May,Thunderbolts* to Mission: Impossible - The Final Reckoning: 12 of the best films to watch this May,https://www.bbc.com/culture/article/20250423-12-of-the-best-films-to-watch-in-may,0,Business
10 of the best TV shows to watch this May,The Four Seasons to And Just Like That…: 10 of the best TV shows to watch this May,https://www.bbc.com/culture/article/20250429-10-of-the-best-tv-shows-to-watch-this-may,0,Business
The men who broke out of Alcatraz with a spoon,'It was the cleverest escape in the prison's 30 years': The men who broke out of Alcatraz with a spoon,https://www.bbc.com/culture/article/20240607-it-was-the-cleverest-escape-in-the-prisons-30-years-the-men-who-broke-out-of-alcatraz-with-a-spoon,3,Sports
The Cold War spy mystery of the vanishing frogman,'He swam out to the Russian vessel and was never seen alive again': The Cold War spy mystery of the 'vanishing frogman',https://www.bbc.com/culture/article/20250501-the-cold-war-spy-mystery-of-buster-crabb,3,Sports
"The long tradition of black dandyism, this year's Met Gala theme",'Clothes can contain a lot of emotion': How black men have used flamboyant fashion to express pride and resistance,https://www.bbc.com/culture/article/20250502-how-black-men-have-used-bold-fashion-as-resistance,0,Business
The true story of the first-ever 'rock star' chef,The 'first celebrity chef': How 19th-Century cook Antonin Carême made extraordinary food fit for kings,https://www.bbc.com/culture/article/20250428-how-19th-century-bad-boy-antonin-careme-made-food-rock-n-roll,3,Sports
Thunderbolts* is 'the greatest Marvel in years' ★★★★☆,Thunderbolts* review: 'The greatest Marvel offering in years',https://www.bbc.com/culture/article/20250429-thunderbolts-film-review,0,Business
Why Sinners has become a box-office sensation,'It doesn't stick to the rules': The reason Sinners has become a true box-office sensation,https://www.bbc.com/culture/article/20250428-the-reason-sinners-has-become-a-true-box-office-sensation,0,Business
